Workbook

Sheet Inventory Master
A1: SKU | B1: Material Name | C1: Category | D1: Unit | E1: Opening Stock | F1: Reorder Level | G1: Storage Location | H1: Supplier | I1: Lead Time (Days) | J1: Item Type | K1: Stock Status | L1: Baseline Notes
A2: MAT001 | B2: Ball Bearing 6003RS | C2: Bearings | D2: PCS | E2: 50 | F2: 15 | G2: A-01 | H2: Supplier A | I2: 7 | J2: Critical spare | K2: =IF(E2<=F2,"REORDER REVIEW","OK") -> OK | L2: =IF(E2<=F2,"At/below threshold","Above threshold") -> Above threshold
A3: MAT002 | B3: Ball Bearing 6206Z | C3: Bearings | D3: PCS | E3: 30 | F3: 10 | G3: A-02 | H3: Supplier A | I3: 7 | J3: Critical spare | K3: =IF(E3<=F3,"REORDER REVIEW","OK") -> OK | L3: =IF(E3<=F3,"At/below threshold","Above threshold") -> Above threshold
A4: MAT003 | B4: Ball Bearing 6204ZZ | C4: Bearings | D4: PCS | E4: 42 | F4: 12 | G4: A-03 | H4: Supplier A | I4: 7 | J4: Standard spare | K4: =IF(E4<=F4,"REORDER REVIEW","OK") -> OK | L4: =IF(E4<=F4,"At/below threshold","Above threshold") -> Above threshold
A5: MAT004 | B5: Taper Roller Bearing 30205 | C5: Bearings | D5: PCS | E5: 24 | F5: 8 | G5: A-04 | H5: Supplier A | I5: 10 | J5: Standard spare | K5: =IF(E5<=F5,"REORDER REVIEW","OK") -> OK | L5: =IF(E5<=F5,"At/below threshold","Above threshold") -> Above threshold
A6: MAT005 | B6: Deep Groove Bearing 6305 | C6: Bearings | D6: PCS | E6: 20 | F6: 6 | G6: A-05 | H6: Supplier A | I6: 10 | J6: Standard spare | K6: =IF(E6<=F6,"REORDER REVIEW","OK") -> OK | L6: =IF(E6<=F6,"At/below threshold","Above threshold") -> Above threshold
A7: MAT006 | B7: Hydraulic Oil ISO 46 | C7: Lubricants | D7: LTR | E7: 80 | F7: 20 | G7: B-01 | H7: Supplier B | I7: 5 | J7: Equipment consumable | K7: =IF(E7<=F7,"REORDER REVIEW","OK") -> OK | L7: =IF(E7<=F7,"At/below threshold","Above threshold") -> Above threshold
A8: MAT007 | B8: Engine Oil 15W-40 | C8: Lubricants | D8: LTR | E8: 60 | F8: 15 | G8: B-02 | H8: Supplier B | I8: 5 | J8: Equipment consumable | K8: =IF(E8<=F8,"REORDER REVIEW","OK") -> OK | L8: =IF(E8<=F8,"At/below threshold","Above threshold") -> Above threshold
A9: MAT008 | B9: Gear Oil 220 | C9: Lubricants | D9: LTR | E9: 45 | F9: 12 | G9: B-03 | H9: Supplier B | I9: 7 | J9: Equipment consumable | K9: =IF(E9<=F9,"REORDER REVIEW","OK") -> OK | L9: =IF(E9<=F9,"At/below threshold","Above threshold") -> Above threshold
A10: MAT009 | B10: Grease EP2 | C10: Lubricants | D10: KG | E10: 35 | F10: 10 | G10: B-04 | H10: Supplier B | I10: 5 | J10: Equipment consumable | K10: =IF(E10<=F10,"REORDER REVIEW","OK") -> OK | L10: =IF(E10<=F10,"At/below threshold","Above threshold") -> Above threshold
A11: MAT010 | B11: Coolant Concentrate | C11: Lubricants | D11: LTR | E11: 28 | F11: 8 | G11: B-05 | H11: Supplier B | I11: 7 | J11: Equipment consumable | K11: =IF(E11<=F11,"REORDER REVIEW","OK") -> OK | L11: =IF(E11<=F11,"At/below threshold","Above threshold") -> Above threshold
A12: MAT011 | B12: Electrical Cable 2.5mm | C12: Electrical | D12: MTR | E12: 200 | F12: 50 | G12: C-01 | H12: Supplier C | I12: 7 | J12: Electrical supply | K12: =IF(E12<=F12,"REORDER REVIEW","OK") -> OK | L12: =IF(E12<=F12,"At/below threshold","Above threshold") -> Above threshold
A13: MAT012 | B13: LED Bulb 20W | C13: Electrical | D13: PCS | E13: 100 | F13: 25 | G13: C-02 | H13: Supplier C | I13: 5 | J13: Electrical supply | K13: =IF(E13<=F13,"REORDER REVIEW","OK") -> OK | L13: =IF(E13<=F13,"At/below threshold","Above threshold") -> Above threshold
... A31: MAT030 | B31: Thermal Label Roll | C31: Office Supplies | D31: ROLL | E31: 45 | F31: 12 | G31: G-03 | H31: Supplier G | I31: 5 | J31: Labeling supply | K31: =IF(E31<=F31,"REORDER REVIEW","OK") -> OK | L31: =IF(E31<=F31,"At/below threshold","Above threshold") -> Above threshold

Sheet Category Summary
A1: Category | B1: Number of SKUs | C1: Total Opening Stock (mixed units) | D1: Items At/Below Reorder | E1: Interpretation
A2: Bearings | B2: =COUNTIF('Inventory Master'!$C$2:$C$31,A2) -> 5 | C2: =SUMIF('Inventory Master'!$C$2:$C$31,A2,'Inventory Master'!$E$2:$E$31) -> 166 | D2: =SUMPRODUCT(('Inventory Master'!$C$2:$C$31=A2)*('Inventory Master'!$E$2:$E$31<='Inventory Master'!$F$2:$F$31)) -> 0 | E2: Quantities must be interpreted using each item's unit of measure.
A3: Lubricants | B3: =COUNTIF('Inventory Master'!$C$2:$C$31,A3) -> 5 | C3: =SUMIF('Inventory Master'!$C$2:$C$31,A3,'Inventory Master'!$E$2:$E$31) -> 248 | D3: =SUMPRODUCT(('Inventory Master'!$C$2:$C$31=A3)*('Inventory Master'!$E$2:$E$31<='Inventory Master'!$F$2:$F$31)) -> 0 | E3: Quantities must be interpreted using each item's unit of measure.
A4: Electrical | B4: =COUNTIF('Inventory Master'!$C$2:$C$31,A4) -> 5 | C4: =SUMIF('Inventory Master'!$C$2:$C$31,A4,'Inventory Master'!$E$2:$E$31) -> 368 | D4: =SUMPRODUCT(('Inventory Master'!$C$2:$C$31=A4)*('Inventory Master'!$E$2:$E$31<='Inventory Master'!$F$2:$F$31)) -> 0 | E4: Quantities must be interpreted using each item's unit of measure.
A5: Packing | B5: =COUNTIF('Inventory Master'!$C$2:$C$31,A5) -> 5 | C5: =SUMIF('Inventory Master'!$C$2:$C$31,A5,'Inventory Master'!$E$2:$E$31) -> 395 | D5: =SUMPRODUCT(('Inventory Master'!$C$2:$C$31=A5)*('Inventory Master'!$E$2:$E$31<='Inventory Master'!$F$2:$F$31)) -> 0 | E5: Quantities must be interpreted using each item's unit of measure.
A6: Safety | B6: =COUNTIF('Inventory Master'!$C$2:$C$31,A6) -> 5 | C6: =SUMIF('Inventory Master'!$C$2:$C$31,A6,'Inventory Master'!$E$2:$E$31) -> 270 | D6: =SUMPRODUCT(('Inventory Master'!$C$2:$C$31=A6)*('Inventory Master'!$E$2:$E$31<='Inventory Master'!$F$2:$F$31)) -> 0 | E6: Quantities must be interpreted using each item's unit of measure.
A7: Cleaning | B7: =COUNTIF('Inventory Master'!$C$2:$C$31,A7) -> 2 | C7: =SUMIF('Inventory Master'!$C$2:$C$31,A7,'Inventory Master'!$E$2:$E$31) -> 38 | D7: =SUMPRODUCT(('Inventory Master'!$C$2:$C$31=A7)*('Inventory Master'!$E$2:$E$31<='Inventory Master'!$F$2:$F$31)) -> 0 | E7: Quantities must be interpreted using each item's unit of measure.
A8: Office Supplies | B8: =COUNTIF('Inventory Master'!$C$2:$C$31,A8) -> 3 | C8: =SUMIF('Inventory Master'!$C$2:$C$31,A8,'Inventory Master'!$E$2:$E$31) -> 140 | D8: =SUMPRODUCT(('Inventory Master'!$C$2:$C$31=A8)*('Inventory Master'!$E$2:$E$31<='Inventory Master'!$F$2:$F$31)) -> 0 | E8: Quantities must be interpreted using each item's unit of measure.
A11: Important note | B11: Total Opening Stock combines different units (PCS, LTR, MTR, etc.) and is only a count of entered quantities, not a meaningful single-unit total.

Sheet Category Baselines
A1: Category | B1: Baseline Definition | C1: Initial Stock Policy | D1: Reorder Threshold Rationale | E1: Review Frequency
A2: Bearings | B2: Opening quantities recorded by SKU and bin location. | C2: Maintain a small buffer for maintenance-critical sizes. | D2: Training threshold set at item level; revise using usage and supplier lead time. | E2: Monthly; critical items more often
A3: Lubricants | B3: Record by product and unit (LTR/KG/CAN). | C3: Avoid stockout of commonly used lubricants; store according to product instructions. | D3: Thresholds are simulated and should reflect average consumption plus replenishment lead time. | E3: Monthly
A4: Electrical | B4: Track cables and components separately by unit/pack. | C4: Keep commonly used repair supplies available. | D4: Set threshold from assumed use and lead time; validate against issue history. | E4: Monthly
A5: Packing | B5: Track boxes, tape, film and bands in their own units. | C5: Use higher quantities for frequent packing consumables. | D5: Thresholds reflect assumed regular use; adjust for order volume and seasonality. | E5: Weekly or monthly
A6: Safety | B6: PPE items tracked by piece/pair and location. | C6: Maintain availability for staff safety; do not rely only on price or volume. | D6: Thresholds are provisional; consider staff count, replacement rate and minimum safety requirements. | E6: Weekly
A7: Cleaning | B7: Cleaning consumables recorded by can/unit. | C7: Keep sufficient supply for routine cleaning. | D7: Review based on consumption pattern and supplier lead time. | E7: Monthly
A8: Office Supplies | B8: Office and labeling materials tracked by unit. | C8: Maintain routine operational supplies without excessive stock. | D8: Thresholds are provisional estimates for the simulation. | E8: Monthly

Sheet Methodology & Sources
A1: Section | B1: Details
A2: Business context | B2: Hypothetical general warehouse supplying maintenance materials, packing consumables, electrical items, cleaning supplies and PPE.
A3: Data status | B3: All SKU records, stock quantities, locations, supplier names, lead times and reorder thresholds in this workbook are simulated for training. They are not actual company records.
A4: Data collection approach | B4: Created a structured master list; assigned unique SKU codes; grouped materials by practical storage/use category; selected consistent units of measure; assigned sample bin locations and suppliers.
A5: Reorder threshold method | B5: Initial thresholds are illustrative values chosen for the simulation. A live operation should calculate reorder point from average demand during lead time plus safety stock, and validate it with historical usage and supplier reliability.
A6: Categorization principle | B6: Operational categories are used for locating and managing materials. ABC analysis is a separate value-prioritization method and cannot be accurately calculated here without unit costs and annual consumption/usage data.
A7: Data controls | B7: Unique SKU for each row; one primary unit per item; explicit storage location; filterable table; formulas for stock status; category summary formulas.
A8: Known limitations | B8: No real stock count, purchase history, supplier quotations, annual usage, unit cost, expiry data or validated lead times were provided. No claim is made that the simulated thresholds are an industry standard.
A9: Recommended next data to collect | B9: Physical count date; average daily/weekly issue quantity; supplier lead-time history; unit cost; criticality; expiry/batch where applicable; minimum order quantity.
